Source;F-Score;Precision;Recall
ibnlive.in.com;91.04991460684295;93.6208453419943;89.10620052701402
www.deccanchronicle.com;88.8888888888889;95.23809523809523;83.33333333333334
timesofindia.indiatimes.com;78.31579639104956;76.95025057432218;81.65792216144987
www.mid-day.com;93.5897435897436;97.00996677740864;90.40247678018576
www.deccanherald.com;94.4206008583691;97.77777777777777;91.28630705394191
twocircles.net;91.12227805695142;96.113074204947;86.62420382165605
www.radionz.co.nz;85.79795216403937;95.32406037289138;78.26316252087545
www.stuff.co.nz;91.65255515782047;96.62576687116564;87.48222489899238
www.bbc.co.uk;82.72003924005647;93.97819189941094;76.8734258930765
www.dailytelegraph.com.au;86.98224852071006;96.39344262295081;79.24528301886792
www.nzherald.co.nz;88.05666596766666;95.63335116477437;81.79715580112025
www.theglobeandmail.com;90.55425342024819;98.27484241394505;84.0716424221871
www.nytimes.com;92.46759073734013;95.72706236396922;89.43128277532182
www.washingtonpost.com;90.4764431889158;95.651504344443;85.86139261196469
www.reuters.com;83.42319153191895;81.79907780010092;88.09384463890902
www.latimes.com;76.17463914933907;66.47990206707634;90.26111115612949
www.jta.org;79.90867579908677;90.43927648578811;71.57464212678937
www.expertclick.com;95.44950055493895;95.87513935340021;95.02762430939227
www.azfamily.com;62.31101511879049;48.36546521374686;87.55690440060698
boingboing.net;91.95020746887967;93.58108108108108;90.37520391517128
tvnz.co.nz;52.11267605633804;37.37373737373738;86.04651162790698
www.newstalkzb.co.nz;83.04093567251462;95.94594594594594;73.19587628865979
www.dailymail.co.uk;76.99771496198153;78.44911288245446;77.97190195956897
www.washingtontimes.com;90.0;93.5064935064935;86.74698795180723
www.thelantern.com;96.82539682539682;98.6522911051213;95.06493506493506
www.abc.net.au;90.73039079722747;96.45803175377034;85.76111245076763
news.bbc.co.uk;92.89772727272727;97.03264094955489;89.10081743869209
www.google.com;89.77563478571565;96.73966176763717;87.04455191434786
www.newsandstar.co.uk;91.58163265306123;94.97354497354497;88.42364532019704
www.iol.co.za;92.28441754916793;96.21451104100946;88.66279069767442
www.telegraph.co.uk;73.58543816867652;70.11467169505204;79.74437483839638
www.indianexpress.com;91.65656861761109;95.7910451290922;87.90565620844349
www.guardian.co.uk;92.88337984502422;96.87759933476158;89.31649198135898
www.theage.com.au;90.40099156751936;96.69011966240706;84.91864740726977
www.sflorg.com;95.14388489208633;97.60147601476015;92.80701754385964
io9.com;95.16908212560385;96.09756097560975;94.25837320574163
www.ctv.ca;74.0990739551867;77.82724770313234;74.10103898937493
www.winnipegfreepress.com;90.19232941429391;93.33679367486702;87.44019714451339
scienceblogs.com;80.03346346904628;73.85486361296964;87.34023128423615
abcnews.go.com;92.8031690922586;97.79926454224051;88.40240256777116
www.businessweek.com;90.70236013512479;92.95527021345605;88.65917972912317
mobihealthnews.com;95.3225806451613;98.17275747508306;92.6332288401254
3d-car-shows.com;92.36192714453584;94.6987951807229;90.13761467889908
www.prnewswire.com;81.6283924843424;74.61832061068702;90.09216589861751
newstonight.co.za;93.77990430622009;98.0;89.90825688073394
www.iafrica.com;94.34697855750487;97.18875502008032;91.66666666666666
www.smh.com.au;90.8033826638478;96.52819629789066;85.71981424148606
edmonton.ctv.ca;89.30232558139535;89.7196261682243;88.88888888888889
www.express.co.uk;83.29466357308586;85.68019093078759;81.03837471783297
www.webmd.com;79.44597440984606;96.36779443651675;68.15796902774346
www.independent.co.uk;89.44911056553389;97.81838316722039;82.40464223704652
www.foxnews.com;91.05880387002911;92.93435963258007;89.36882621510213
www.pulsetoday.co.uk;0.6451612903225805;6.25;0.3401360544217687
www.eveningtimes.co.uk;88.0;95.2755905511811;81.75675675675676
www.walesonline.co.uk;93.705428118458;96.76599182587206;90.83350780955571
www.publicservice.co.uk;0.0;0.0;0.0
www.medicalnewstoday.com;1.532062761104153;5.1020408163265305;0.9031405891480503
www.inpharm.com;0.4890528319847691;100.0;0.2451288122014361
www.scotsman.com;79.97601378531887;73.48897303409484;88.00604564874926
lifestyle.aol.co.uk;29.88948056577378;96.70200235571261;28.982017404836196
www.metro.co.uk;85.97408082224635;96.44173356639514;77.91358560470911
www.irishhealth.com;82.99595141700405;96.69811320754717;72.69503546099291
www.jarrowandhebburngazette.com;88.28828828828829;84.48275862068965;92.45283018867924
www.thisissurreytoday.co.uk;87.62886597938144;89.94708994708994;85.42713567839196
www.news.com.au;82.62267971886847;93.95148130688617;73.92841163310962
www.barchester.com;90.04524886877829;92.12962962962963;88.05309734513274
www.iomtoday.co.im;81.78913738019169;76.64670658682635;87.67123287671232
www.three.fm;88.77551020408163;97.75280898876404;81.30841121495327
www.mirror.co.uk;87.46225554207622;91.77891833093187;85.23955768167941
www.wcti12.com;1.705756929637527;14.285714285714285;0.9070294784580499
www.christian.org.uk;82.33576642335765;94.63087248322147;72.86821705426357
www.nursingtimes.net;93.79510071953642;98.18712868472669;89.78096378785071
yourlife.usatoday.com;80.14053104535579;79.98325425690798;84.0151340618906
www.cbc.ca;84.5039534419905;89.27911591075063;82.25666213255572
www.vancouversun.com;85.51254099119963;88.37598847995665;84.54416290946504
www.calgaryherald.com;79.83942916521819;95.49425765554692;70.07415403124702
calgary.ctv.ca;92.87454275671087;94.70363162582049;91.17103782355531
www.torontosun.com;82.66468253968253;95.18459915611814;73.21428571428572
www.australianageingagenda.com.au;89.72721996517701;87.14768883878241;92.46411483253588
www.montrealgazette.com;87.28612358956373;91.59606799871781;83.89556200240126
www.winnipegsun.com;59.04761904761904;97.55244755244755;42.33687405159332
www.ottawacitizen.com;79.09433962264151;97.76119402985076;66.41318124207858
ottawa.ctv.ca;40.433145963099875;29.46491414502466;83.59297249240323
thechronicleherald.ca;92.80430396772024;97.45762711864407;88.57509627727856
ckom.com;88.0;93.61702127659575;83.01886792452831
www.leaderpost.com;90.33816425120773;95.8974358974359;85.38812785388129
www.myfoxorlando.com;95.2649379932356;97.57505773672055;93.06167400881057
www.miamiherald.com;95.38729329852045;97.85714285714285;93.0390492359932
www.news-press.com;87.11819389110225;92.65536723163842;82.20551378446115
www.wctv.tv;83.38461538461537;84.95297805642633;81.87311178247734
news.nationalpost.com;87.27918617912087;85.8072181643627;89.36360797679701
www.upi.com;90.64039408866995;96.33507853403141;85.5813953488372
www2.canada.com;93.44878377559675;96.65869864678713;90.45365870960876
psychcentral.com;93.66465855977282;96.78545804130306;90.75316510740865
www.marketingmagazine.co.uk;83.91038696537679;84.77366255144034;83.06451612903226
www.proactiveinvestors.com;91.79046129788895;90.1689708141321;93.47133757961782
www.sunderlandecho.com;82.69585798967609;79.61593494552821;86.10935612232456
news.sky.com;86.30783758262513;91.4;81.7531305903399
www.thelocal.de;89.43089430894308;96.20991253644316;83.54430379746836
www.northamptonchron.co.uk;88.72604284103721;87.10570005534034;90.40781160252729
www.sabotagetimes.com;96.77642980935875;97.07927677329624;96.47546648237734
www.belfasttelegraph.co.uk;71.02390639670655;61.939655172413794;89.64139188034339
www.yorkshireeveningpost.co.uk;89.96188055908513;93.40369393139841;86.76470588235294
www.msnbc.msn.com;71.2351945854484;67.36;75.58348294434471
cmvlive.com;94.03131115459884;95.62189054726367;92.49278152069297
www.cnn.com;89.51887492894349;97.50050753735991;82.76969671434343
www.boston.com;83.33253088425876;96.99000602834047;73.3168443250902
www.forbes.com;94.59876002985192;98.46065150782132;91.19012733478466
www.slashgear.com;94.8936170212766;98.67256637168141;91.39344262295081
www.newsnet5.com;87.0748299319728;95.52238805970148;80.0
online.wsj.com;95.51601423487544;97.95620437956204;93.19444444444444
www.cbsnews.com;93.89155799588195;97.99426934097421;90.11857707509881
www.huffingtonpost.com;78.9329285726717;69.0214498616138;92.17092950717405
www.medpagetoday.com;88.63592902329344;91.3999783781215;86.3579103384812
capsules.kaiserhealthnews.org;93.99141630901289;95.42483660130719;92.60042283298098
www.nydailynews.com;65.90378399816879;72.27498284646062;71.32920374193081
allergies.about.com;95.65217391304348;99.09909909909909;92.43697478991596
www.wgntv.com;69.5364238410596;56.451612903225815;90.51724137931035
www.whitehouse.gov;59.28166351606805;44.31882419446015;89.49771689497716
www.usforacle.com;95.04185447520926;97.49009247027742;92.71356783919597
www.heraldsun.com.au;87.1519624287152;95.90389832928744;80.12088749839114
www.manufacturing.net;93.02325581395348;96.50582362728785;89.78328173374614
medicalxpress.com;86.3117715124319;93.3374330345303;80.59319426947528
www.hi-mag.com;85.63829787234043;81.10831234256926;90.70422535211267
www.dh.gov.uk;88.55932203389831;91.26637554585153;86.0082304526749
lifestyle.myjoyonline.com;92.51824817518248;96.02272727272727;89.26056338028168
www.economist.com;94.65020576131687;98.62778730703259;90.98101265822784
www.squidcard.com;93.97590361445782;96.29629629629629;91.76470588235294
www.marieclaire.co.uk;91.2280701754386;94.97716894977168;87.76371308016878
au.news.yahoo.com;93.95108872278192;96.62093327590776;91.42482387838339
www.managementinpractice.com;93.32129963898916;95.03676470588235;91.66666666666666
www.bloomberg.com;83.5130970724191;92.17687074829932;76.33802816901408
www.4ni.co.uk;93.97394136807817;95.84717607973423;92.17252396166134
www.doctorslounge.com;87.57961783439491;97.86476868327402;79.2507204610951
news.stv.tv;91.33089133089133;96.1439588688946;86.9767441860465
www.webmd.boots.com;91.24423963133641;97.44094488188976;85.78856152512998
www.orissadiary.com;93.61702127659575;98.50746268656717;89.1891891891892
economictimes.indiatimes.com;85.85858585858587;80.18867924528303;92.3913043478261
www.asianscientist.com;89.79591836734694;93.51230425055928;86.36363636363636
www.telegraphindia.com;91.66666666666667;94.32213209733487;89.1566265060241
www.dnaindia.com;89.57764170199403;95.43250028529042;84.43492997948442
www.edp24.co.uk;88.7381275440977;88.25910931174089;89.22237380627558
www.newstrackindia.com;93.77998552653915;96.72597075458248;91.02076876691582
www.radaronline.com;81.51986183074267;80.27210884353741;82.80701754385966
www.sacbee.com;94.52449567723343;97.61904761904762;91.62011173184358
india.blogs.nytimes.com;90.92970521541949;97.80487804878048;84.95762711864407
www.tgdaily.com;92.33333333333334;98.22695035460993;87.10691823899371
www.globes.co.il;90.22222222222221;100.0;82.18623481781377
www.deadlinenews.co.uk;91.12426035502959;96.25;86.51685393258427
www.figo.org;90.7488986784141;95.37037037037037;86.5546218487395
www.thehindu.com;93.54518371400198;100.0;87.8731343283582
www.emirates247.com;17.09497206703911;9.6045197740113;77.66497461928934
www.ndtv.com;5.617977528089887;17.24137931034483;3.3557046979865772
www.wpix.com;78.74306839186691;69.6078431372549;90.63829787234042
www.langleyadvance.com;90.34369885433715;96.84210526315789;84.66257668711657
topnews.ae;93.4563574173388;97.71929824561404;89.55024813895781
www.newsday.com;88.85119855269109;88.20643023705985;89.5120752337142
topnews.us;93.61022364217253;98.3221476510067;89.32926829268293
www.voxy.co.nz;93.02237732632628;97.23405799893565;89.17007658029213
www.massey.ac.nz;0.25;100.0;0.1251564455569462
www.bayofplentytimes.co.nz;65.77042399172699;53.71621621621622;84.8
m.smh.com.au;89.85029170628903;91.4122340425532;88.35048215528383
www.sunlive.co.nz;68.49315068493152;66.66666666666666;70.4225352112676
www.odt.co.nz;93.8449240607514;100.0;88.40361445783132
www.cosmosmagazine.com;93.13276651406147;99.4413407821229;87.57687576875769
www.ohio.com;87.57396449704143;92.88702928870293;82.83582089552239
www.bizjournals.com;75.88548328517064;80.54258241758242;73.30314045646863
www.hudsonhubtimes.com;93.71124889282551;95.66003616636529;91.84027777777779
www.gmanetwork.com;92.16;91.28367670364501;93.05331179321486
wonderwoman.intoday.in;93.26315789473682;94.65811965811966;91.90871369294605
topnews.net.nz;94.5054945054945;98.56733524355302;90.76517150395779
www.healthcanal.com;80.32345013477088;86.1271676300578;75.25252525252525
www.brecorder.com;88.38526912181302;96.29629629629629;81.67539267015707
allafrica.com;91.92825112107623;98.08612440191388;86.49789029535864
theuptowner.org;93.87951807228914;97.59519038076152;90.4363974001857
www.sundaytimes.lk;95.93810444874275;98.54304635761589;93.46733668341709
www.island.lk;93.39019189765459;97.33333333333334;89.75409836065575
www.slbc.lk;89.0995260663507;100.0;80.34188034188034
tribune.com.pk;92.31482807884252;97.17655946841572;88.01356000809552
www.theopenpress.com;92.38005644402634;90.42357274401473;94.42307692307692
www.un.org;93.17269076305222;95.27720739219713;91.15913555992141
www.straitstimes.com;84.38818565400844;96.15384615384616;75.18796992481202
www.sfgate.com;83.35056876938987;76.61596958174906;91.38321995464852
www.emailwire.com;5.479452054794521;100.0;2.8169014084507045
www.timeslive.co.za;86.29417151475975;96.12156799656799;78.52205777967063
www.ghanabusinessnews.com;75.09293680297398;69.6551724137931;81.45161290322581
www.basingstokegazette.co.uk;92.11618257261411;100.0;85.38461538461539
www.independent.ie;92.2705685440706;96.44624948304384;88.45075397364488
www.travelagentcentral.com;95.39375928677563;97.86585365853658;93.04347826086956
www.penguin-news.com;93.97590361445783;97.98994974874373;90.27777777777779
insideireland.ie;92.51336898395722;96.11111111111111;89.17525773195877
www.kake.com;70.16129032258065;84.46601941747572;60.0
www.rte.ie;89.6969696969697;92.03980099502488;87.47044917257683
popwatch.ew.com;87.6470588235294;91.41104294478528;84.18079096045197
www.usmagazine.com;83.7092731829574;92.77777777777779;76.25570776255708
visitbulgaria.info;95.27896995708154;97.94117647058823;92.75766016713092
www.therepublic.com;95.64496059726255;95.60530679933666;95.68464730290457
www.thecomet.net;92.04864359214218;92.4812030075188;91.62011173184358
www.yorkshirepost.co.uk;78.70967741935483;71.62426614481409;87.3508353221957
www.cambridgefirst.co.uk;77.33333333333333;67.96875;89.69072164948454
www.thesun.co.uk;91.51670951156812;100.0;84.36018957345972
www.heraldscotland.com;21.138211382113823;95.1219512195122;11.890243902439025
www.dunstabletoday.co.uk;80.30888030888032;80.62015503875969;80.0
www.publicaffairs.ubc.ca;94.43813847900114;96.07390300230946;92.85714285714286
www.nupge.ca;93.16239316239316;96.88888888888889;89.7119341563786
www.timescolonist.com;92.25289403383793;95.5719557195572;89.1566265060241
www.digitaljournal.com;1.2422360248447208;27.27272727272727;0.6355932203389831
www.thetelegram.com;82.58527827648116;95.83333333333334;72.55520504731862
www.lportepilot.ca;75.84541062801932;81.77083333333334;70.72072072072072
www.vocm.com;92.70833333333333;97.8021978021978;88.11881188118812
gothamist.com;93.71428571428572;99.39393939393939;88.64864864864866
gazette.jhu.edu;95.55236728837876;97.65395894428153;93.53932584269663
www.whatsonxiamen.com;1.557632398753894;11.904761904761903;0.8333333333333334
www.frenchtribune.com;93.29073482428115;97.65886287625418;89.29663608562691
insciences.org;93.74654122855563;94.21579532814238;93.28193832599119
www.globalpost.com;94.91525423728814;98.82352941176471;91.30434782608695
vitals.msnbc.msn.com;2.2964509394572024;1.4864864864864866;5.045871559633028
www.wwltv.com;93.99224806201552;96.61354581673307;91.50943396226415
ul.kp.ru;0.6097560975609756;100.0;0.3058103975535168
www.regnum.ru;0.90505796655396;100.0;0.45488336901782667
omsk-times.ru;2.2727272727272725;100.0;1.1494252873563218
www.9111.ru;1.3888888888888888;100.0;0.6993006993006993
www.pravda.ru;0.7307619999352618;100.0;0.36678924472249863
amur.kp.ru;1.5267175572519085;100.0;0.7692307692307693
www.amur.info;0.48661800486618007;100.0;0.24390243902439024
www.bankfax.ru;2.5;100.0;1.2658227848101267
nversia.ru;1.3513513513513513;100.0;0.6802721088435374
saratov-times.ru;1.0256410256410255;100.0;0.5154639175257731
www.ng.ru;1.251452925222782;100.0;0.6297080979284368
www.newsland.ru;0.704247450222528;100.0;0.35349955932449606
www.aif.ru;1.3143665181690223;100.0;0.6625964574192756
aifudm.net;1.0309278350515463;100.0;0.5181347150259068
www.tverlife.ru;0.9708737864077669;100.0;0.4878048780487805
www.1obl.ru;1.5384615384615383;100.0;0.7751937984496124
www.rg.ru;0.7438456420492348;100.0;0.37336443586443585
www.interfax-russia.ru;1.5425531914893618;100.0;0.7773109243697479
www.amic.ru;1.0989010989010988;100.0;0.5524861878453038
www.zabinfo.ru;1.0695187165775402;100.0;0.5376344086021506
www.vestipk.ru;0.3610108303249097;100.0;0.18083182640144665
www.argumenti.ru;1.3268883401979117;100.0;0.6691647070220326
top.rbc.ru;4.197586715992414;100.0;2.3793715852913024
www.bel.ru;0.8928571428571428;100.0;0.4484304932735426
www.belnovosti.ru;1.1904761904761907;100.0;0.5988023952095809
news.bigmir.net;1.2374734284846645;100.0;0.6226219301279834
komi.kp.ru;1.4598540145985401;100.0;0.7352941176470588
www.ria.ru;0.870874369819886;100.0;0.43803095276857806
www.isra.com;1.1627906976744187;100.0;0.5847953216374269
www.likar.info;1.9086021505376345;100.0;0.963646328096456
www.aif.ua;1.1008481468572093;100.0;0.5535976505139502
www.ukrinform.ua;1.0805339752708174;100.0;0.543388086942094
nbnews.com.ua;1.9607843137254901;100.0;0.9900990099009901
www.pr.ua;0.23866348448687347;100.0;0.11947431302270012
ura.dn.ua;0.6578947368421053;100.0;0.33003300330033003
vechirka.kiev.ua;3.4482758620689653;100.0;1.7543859649122806
medicina.ua;1.7543859649122806;100.0;0.8849557522123894
ivona.bigmir.net;0.9764610177815293;100.0;0.49064840815343835
www.krsk.kp.ru;0.975609756097561;100.0;0.49019607843137253
glavnoe.ua;1.0582010582010584;100.0;0.5319148936170213
pln-pskov.ru;1.9047619047619049;100.0;0.9615384615384616
novostimira.com;1.3333333333333333;100.0;0.6711409395973155
life.comments.ua;1.3282007576651513;100.0;0.6689539561762792
news.vdv-s.ru;1.129943502824859;100.0;0.5681818181818182
www.medikforum.ru;0.6472491909385114;100.0;0.3246753246753247
podrobnosti.ua;1.5558635540347896;100.0;0.7844092421965022
kurskweb.ru;1.0137562878554562;100.0;0.5094633134560539
www.news.nashbryansk.ru;0.4140786749482402;100.0;0.2074688796680498
medportal.ru;1.053526298533647;100.0;0.5295914483670167
www.ameno.ru;1.129943502824859;100.0;0.5681818181818182
www.unian.net;1.0638297872340425;100.0;0.53475935828877
glavcom.ua;1.1560693641618496;100.0;0.5813953488372093
society.lb.ua;1.1695906432748537;100.0;0.5882352941176471
www.health-ua.org;0.5127778864244958;100.0;0.25705466251643483
www.kleo.ru;0.6535947712418301;100.0;0.32786885245901637
www.medicinform.net;0.5115089514066496;100.0;0.2564102564102564
mignews.com.ua;1.1494252873563215;100.0;0.5780346820809248
www.from-ua.com;0.7729468599033816;100.0;0.38806728381124406
www.profinews.com.ua;0.7220216606498195;100.0;0.36231884057971014
www.utro.ru;0.34988540870893814;100.0;0.17524976541369983
www.segodnya.ua;1.8518518518518516;100.0;0.9345794392523363
www.newsmsk.com;0.8583690987124462;100.0;0.43103448275862066
www.novopol.ru;1.1560693641618496;100.0;0.5813953488372093
www.1tv.ru;0.7272727272727273;100.0;0.36516568120922976
www.radiomayak.ru;1.923076923076923;100.0;0.9708737864077669
ufa.kp.ru;1.5625;100.0;0.7874015748031495
gorodlip.ru;0.99009900990099;100.0;0.4975124378109453
news.bcm.ru;0.8214169834059516;100.0;0.41262694047641396
www.54rus.org;1.3986013986013985;100.0;0.7042253521126761
cxid.info;1.3605442176870748;100.0;0.684931506849315
krasnoturinsk.info;0.5555555555555556;100.0;0.2785515320334262
veved.ru;0.4016064257028113;100.0;0.2012072434607646
news.argumenti.ru;0.8032128514056224;100.0;0.4032258064516129
www.medicusamicus.com;0.4338394793926247;100.0;0.21739130434782608
dozor.kharkov.ua;0.8620689655172413;100.0;0.4329004329004329
www.gazeta.ru;2.3255813953488373;100.0;1.1764705882352942
www.1news.az;1.3513513513513513;100.0;0.6802721088435374
russian-bazaar.com;91.92546583850931;94.26751592356688;89.6969696969697
www.ca-news.org;0.91324200913242;100.0;0.45871559633027525
www.ukrkonditer.kiev.ua;1.1976047904191616;100.0;0.6024096385542169
www.eurolab.ua;1.0989010989010988;100.0;0.5524861878453038
news.zn.ua;0.6042296072507554;100.0;0.30303030303030304
globalist.org.ua;0.6944444444444445;100.0;0.34843205574912894
www.048.ua;1.2987012987012987;100.0;0.6535947712418301
ubr.ua;1.7391304347826086;100.0;0.8771929824561403
prm.ru;0.6535947712418301;100.0;0.32786885245901637
news.day.az;0.9708737864077669;100.0;0.4878048780487805
www.ntv.ru;0.8752038827226797;100.0;0.4401220034246575
4geo.ru;2.7027027027027026;100.0;1.36986301369863
vrn.kp.ru;0.7936507936507936;100.0;0.398406374501992
www.baltic-course.com;0.966183574879227;100.0;0.48543689320388345
rus.delfi.ee;1.1049723756906078;100.0;0.5555555555555556
saratov.kp.ru;0.5952380952380953;100.0;0.2985074626865672
informpskov.ru;1.550387596899225;100.0;0.78125
www.mk.ru;1.234567901234568;100.0;0.6211180124223602
newsru.co.il;0.9165045638186444;100.0;0.46059462010382257
www.19rus.info;1.3605442176870748;100.0;0.684931506849315
tengrinews.kz;1.5182648401826484;100.0;0.7649956534337874
news.samaratoday.ru;0.8230452674897119;100.0;0.4132231404958678
vesti.kz;1.574803149606299;100.0;0.7936507936507936
www.kapital-rus.ru;1.4084507042253522;100.0;0.7092198581560284
www.rzn.info;0.9090909090909091;100.0;0.45662100456621
www.nr2.ru;2.1645059293847626;2.3295454545454546;2.553334082014269
www.newsru.com;0.4758328993554824;100.0;0.23860735989756296
inopressa.ru;2.5316455696202533;100.0;1.282051282051282
fedpress.ru;0.9117161716171617;100.0;0.4579612398259747
rus.ruvr.ru;0.9600982608866276;100.0;0.4829645550998276
www.rbc.ru;0.5891193137906545;100.0;0.29557022308485537
www.baikal-daily.ru;0.800011874016683;100.0;0.40172960679873126
www.objectiv.tv;1.130722559293988;100.0;0.5687100973160603
glavred.info;1.0465892404218395;100.0;0.5261169868335851
www.vz.ru;0.9560447064715121;100.0;0.48032726604155174
tiras.ru;1.4565879664889565;100.0;0.7341931121093561
news.liga.net;1.1126920887877063;100.0;0.5597122302158274
primamedia.ru;0.6493506493506493;100.0;0.32573289902280134
eco.ria.ru;0.7905138339920948;100.0;0.3968253968253968
polit.ru;0.9247708863496499;100.0;0.46501477303250066
obkom.net.ua;1.0869565217391304;100.0;0.546448087431694
motor.ru;1.9047619047619049;100.0;0.9615384615384616
www.interfax.ru;0.411522633744856;100.0;0.2061855670103093
www.fergananews.com;1.8518518518518516;100.0;0.9345794392523363
www.express.gr;2.197650008900071;99.95299898054442;1.7169332191939084
www.iatronet.gr;2.504533448118283;100.0;1.274235657543602
www.ethnos.gr;0.6473871751417708;100.0;0.32499047131263603
www.tanea.gr;0.9356862225130065;100.0;0.4704448020625072
health.in.gr;0.39695426833156455;70.0;0.19917620789168208
www.tovima.gr;0.7279703322809493;100.0;0.36835967831474414
www.rizospastis.gr;0.847899869295515;100.0;0.4257963307001796
www1.rizospastis.gr;0.7681873449333474;100.0;0.3869188002829879
www2.rizospastis.gr;0.7340317229429653;100.0;0.3701770853138389
www.amna.gr;0.4357298474945534;100.0;0.21834061135371177
news.in.gr;0.0;0.0;0.0
www.imerisia.gr;0.3541299075258455;100.0;0.1773926264623237
www.kathimerini.com.cy;1.5005270206360806;100.0;0.756003256003256
www.ekathimerini.gr;0.6042296072507554;100.0;0.30303030303030304
www.avgi.gr;0.8338256392944552;100.0;0.41870915032679734
www.gazzetta.gr;1.373652133145804;100.0;0.6916056659378268
ygeia.tanea.gr;0.44563735514655767;100.0;0.22338718305338612
news247.gr;0.26595744680851063;100.0;0.13315579227696406
www.madata.gr;1.234337476825065;100.0;0.6236141906873615
www.sigmalive.com;0.7178207903733035;100.0;0.36082589987513586
www.kavalanet.gr;0.516795865633075;100.0;0.2590673575129534
www.healthierworld.gr;0.7547169811320754;100.0;0.3787878787878788
www.zdrowiutko.info;27.7432023827034;98.96798401733717;17.98667510110059
goodcontents.net;90.84466186118223;88.37984344161356;93.69988792074403
www.biolog.pl;60.82250872896936;89.147631127457;55.61474147731172
www.we-dwoje.pl;43.76328743548943;93.67822277809601;37.777912780942586
gornictwo.wnp.pl;58.825614315087805;98.07849849809848;48.22374014579502
www.money.pl;88.55935166057523;97.19230415170763;81.53808179779139
wiadomosci.onet.pl;88.39098142309115;93.25809120433445;84.49710861466106
www.rmf24.pl;22.270064069940865;100.0;14.69436883965439
wiadomosci.wp.pl;3.123750650402876;6.456113902094212;3.17673442866561
www.dziennikwschodni.pl;85.83877995642702;97.52475247524752;76.65369649805449
logistyka.wnp.pl;42.418128654970765;100.0;36.25400303387831
www.wprost.pl;83.09427843801933;97.19112847521538;72.99811935713251
konflikty.wp.pl;2.3323615160349855;3.389830508474576;1.7777777777777777
www.rp.pl;27.052502720223824;99.62990747686922;19.85448338771978
www.se.pl;72.39497922132038;71.79953427464562;81.07447871333626
energetyka.wnp.pl;1.1678549537051972;100.0;0.5875440658049353
www.wspolczesna.pl;89.79206937327143;98.53587311346845;82.83122953086679
www.gk24.pl;0.7874015748031495;100.0;0.3952569169960474
tvp.info;0.32944673938103;100.0;0.16503517044390525
gwizdek24.se.pl;3.7725319493275293;54.3859649122807;2.5263331138907175
wiadomosci.gazeta.pl;29.45994518077233;35.172535458615116;31.11649082927922
wyborcza.pl;47.00879594242351;67.00922485349307;52.52174191782595
www.pb.pl;32.92682926829268;95.69597069597069;19.884566729917772
www.bankier.pl;46.59470360696928;54.74033816425121;41.995273962487076
zdrowie.gazeta.pl;15.17637516024384;60.191271615451946;11.742195474418349
www.polskatimes.pl;6.4072109969028785;34.15378272521129;3.5812438822377834
www.forbes.pl;18.127893880615698;56.035353535353536;10.837624910473723
www.gs24.pl;89.50863213811421;96.28571428571429;83.62282878411911
www.kurierlubelski.pl;7.976609910712061;26.931818181818183;5.051947996355608
biznes.interia.pl;13.09664940413053;50.36764705882353;7.654906890084277
www.fakt.pl;26.578094108343215;98.36065573770492;18.166376306620208
budownictwo.wnp.pl;39.08596096096096;100.0;31.791863086698093
www.pomorska.pl;89.01057966858268;97.72727272727272;82.2582605433226
waluty.wp.pl;2.62582056892779;2.1739130434782608;3.314917127071823
motoryzacja.wnp.pl;90.21372328458943;100.0;82.17213114754098
polskalokalna.pl;21.729490022172946;98.0;12.219451371571072
www.ciazowy.pl;94.44738233738764;94.69777306468717;94.19831223628692
fakty.interia.pl;83.91959798994975;80.67632850241546;87.43455497382199
www.nowiny24.pl;60.280373831775705;97.35849056603773;43.65482233502538
www.zdrowiewpodrozy.pl;42.553191489361694;27.659574468085108;92.19858156028369
www.rynekzdrowia.pl;59.62106263523443;94.8092404046366;57.469571786671075
slask.naszemiasto.pl;1.5479876160990713;3.731343283582089;0.9765625
muzyka.wp.pl;45.56113902847571;33.83084577114428;69.74358974358974
www.sfora.pl;83.79446640316206;95.4954954954955;74.64788732394366
teleshow.pl;1.4084507042253522;100.0;0.7092198581560284
www.nto.pl;95.14519056261344;97.12830013895322;93.24144064028457
www.gazetalekarska.pl;0.6230529595015576;100.0;0.3125
odkrywcy.pl;0.4595588235294118;1.6722408026755853;0.26638252530633993
lodz.naszemiasto.pl;0.9966777408637875;2.5210084033613445;0.6211180124223602
www.polityka.pl;66.53671215074723;98.65125240847784;50.19607843137255
kopalniawiedzy.pl;94.54040628748754;97.79893924783028;91.49418739582674
kobieta.interia.pl;0.5571030640668524;100.0;0.27932960893854747
ulubiency.wp.pl;2.1141649048625792;15.625;1.1337868480725624
www.gazetawroclawska.pl;0.4140786749482402;10.0;0.21141649048625794
ciekawe.onet.pl;0.8032128514056224;10.526315789473683;0.41753653444676403
katowice.gazeta.pl;0.4705882352941177;100.0;0.2358490566037736
zdrowie.dziennik.pl;0.6557377049180327;100.0;0.3289473684210526
wirtualnapolonia.com;94.51827242524917;97.43150684931507;91.77419354838709
money.gucheng.com;6.89655172413793;100.0;3.571428571428571
tech.sina.com.cn;6.169965630954315;100.0;3.1988300370653313
economy.caixun.com;6.25;100.0;3.225806451612903
she.21cn.com;6.89655172413793;100.0;3.571428571428571
finance.sina.com.cn;9.603386809269162;100.0;5.080749354005168
finance.ifeng.com;8.258407431514032;100.0;4.376275593274767
www.hinews.cn;5.714285714285714;100.0;2.941176470588235
news.163.com;8.602386211365987;100.0;4.5248490085923345
news.sina.com.cn;6.910301668806162;100.0;3.6083679833679834
qy.gansudaily.com.cn;5.0;100.0;2.564102564102564
www.chinanews.com;7.923468129636966;100.0;4.136001790991547
ent.xinmin.cn;12.886002886002887;100.0;6.948853615520282
ent.ifeng.com;5.073566717402334;100.0;2.6175213675213675
news.xinhuanet.com;5.92045042221929;100.0;3.068070818070818
news-hzrb.hangzhou.com.cn;6.89655172413793;100.0;3.571428571428571
news.dayoo.com;10.049019607843135;100.0;5.298913043478261
xm.city.ifeng.com;9.610983981693364;100.0;5.05050505050505
finance.qianlong.com;2.5;100.0;1.2658227848101267
culture.022china.com;2.247191011235955;100.0;1.1363636363636365
go.rss.sina.com.cn;8.535256342772923;100.0;4.50445753077332
sports.163.com;4.444444444444445;100.0;2.272727272727273
it.chinabyte.com;3.0303030303030307;100.0;1.5384615384615385
hk.stockstar.com;3.773584905660378;100.0;1.9230769230769231
nd.fjsen.com;6.0606060606060606;100.0;3.125
scitech.people.com.cn;8.695652173913045;100.0;4.545454545454546
news.hexun.com;8.858024691358025;100.0;4.653698791629826
stocks.caixun.com;5.385790679908326;100.0;2.804681194511703
money.163.com;5.772005772005772;100.0;3.010204081632653
taiwan.huanqiu.com;9.09090909090909;100.0;4.761904761904762
news.shangdu.com;3.3333333333333335;100.0;1.694915254237288
sh.sina.com.cn;10.230179028132993;100.0;5.397727272727273
www.tianjinwe.com;6.451612903225806;100.0;3.3333333333333335
caicai98.tom.com;3.508771929824561;100.0;1.7857142857142856
life.caixun.com;8.333333333333332;100.0;4.3478260869565215
finance.chinanews.com;6.0606060606060606;100.0;3.125
www.jfdaily.com;7.771260997067448;100.0;4.0476190476190474
gz.city.ifeng.com;7.142857142857142;100.0;3.7037037037037033
xw.baixingjd.com;3.278688524590164;100.0;1.6666666666666667
tech.hexun.com;10.818713450292396;100.0;5.718954248366012
mnc.people.com.cn;5.2631578947368425;100.0;2.7027027027027026
tech.ifeng.com;6.261022927689594;100.0;3.247978436657682
t.cntv.cn;22.22222222222222;100.0;12.5
collection.sina.com.cn;7.6923076923076925;100.0;4.0
www.iask.ca;3.508771929824561;100.0;1.7857142857142856
news.nen.com.cn;6.451612903225806;100.0;3.3333333333333335
news.xinmin.cn;13.250915750915752;100.0;7.141206494654771
finance.huanqiu.com;10.01984126984127;100.0;5.306038047973532
hn.rednet.cn;8.333333333333332;100.0;4.3478260869565215
stock.caijing.com.cn;8.695652173913045;100.0;4.545454545454546
www.northnews.cn;8.653307476836888;100.0;4.531481481481482
news.qq.com;6.767676767676767;100.0;3.5119206731075217
china.huanqiu.com;8.972988025619603;100.0;4.717571768859811
society.people.com.cn;10.230179028132993;100.0;5.397727272727273
news.ifeng.com;5.5877469049937405;100.0;2.8916132076189607
world.huanqiu.com;7.6923076923076925;100.0;4.0
www.chinadaily.com.cn;1.2820512820512822;100.0;0.6451612903225806
tech.xinmin.cn;7.999999999999999;100.0;4.166666666666666
overseas.caijing.com.cn;4.545454545454545;100.0;2.3255813953488373
industry.caijing.com.cn;10.230179028132993;100.0;5.397727272727273
biz.caixun.com;2.8166421207658323;100.0;1.4299242424242422
it.21cn.com;20.0;100.0;11.11111111111111
beijing.jinghua.cn;5.882352941176471;100.0;3.0303030303030303
finance.qq.com;10.394980532463432;100.0;5.537925696594427
ent.newssc.org;4.878048780487806;100.0;2.5
ent.sina.com.cn;8.680555555555555;100.0;4.554079696394687
tj.city.ifeng.com;10.526315789473683;100.0;5.555555555555555
news.sina.com.hk;9.146691538270964;100.0;4.842694562582517
www.rthk.org.hk;1.1695187798897435;100.0;0.5884332303173534
hk.news.yahoo.com;10.526315789473683;100.0;5.555555555555555
big5.xinhuanet.com;6.205915459041554;100.0;3.231235275032972
www.ntdtv.com;6.451612903225806;100.0;3.3333333333333335
www.chinareviewnews.com;8.49673202614379;100.0;4.45632798573975
big5.chinabroadcast.cn;4.41712204007286;100.0;2.261904761904762
www.uho.com.tw;12.37742308625161;100.0;6.611528240487516
life.chinatimes.com;8.277345574447024;100.0;4.324745729632102
udn.com;11.613922131784372;100.0;6.2509513078566785
www.nownews.com;7.847527472527473;100.0;4.08766689723113
www.libertytimes.com.tw;11.396316102198455;100.0;6.051587301587301
member.nownews.com;9.225535226043743;100.0;4.8392049795558565
www.bcc.com.tw;10.126474832357184;100.0;5.337301587301587
news.chinatimes.com;8.142546143125685;100.0;4.25612972461712
tw.nextmedia.com;7.686754015112225;100.0;4.039083521842143
news.sina.com.tw;8.18635941235525;100.0;4.294720087659271
n.yam.com;9.903213317847465;100.0;5.227118307277144
www.awakeningtw.com;11.428571428571429;100.0;6.0728744939271255
www.ttv.com.tw;8.38095238095238;100.0;4.377842755035737
www.bltv.tv;10.0;100.0;5.263157894736842
mag.udn.com;12.5;100.0;6.666666666666667
iservice.libertytimes.com.tw;10.397385620915031;100.0;5.48890608875129
news.cnyes.com;7.731858555387967;100.0;4.035201731118247
www.taiwannews.com.tw;11.11111111111111;100.0;5.88235294117647
www.jmnews.com.cn;1.612903225806452;100.0;0.8130081300813009
china.newssc.org;2.985074626865672;100.0;1.5151515151515151
finance.ce.cn;7.6923076923076925;100.0;4.0
www.cnstock.com;14.285714285714288;100.0;7.6923076923076925
www.cs.com.cn;12.5;100.0;6.666666666666667
news.e23.cn;10.0;100.0;5.263157894736842
health.gansudaily.com.cn;3.9999999999999996;100.0;2.0408163265306123
www.jjckb.cn;7.6923076923076925;100.0;4.0
entertainment.dbw.cn;8.333333333333332;100.0;4.3478260869565215
news.sznews.com;8.465608465608465;100.0;4.423076923076923
finance.21cn.com;16.666666666666668;100.0;9.090909090909092
news.etnet.com.cn;11.11111111111111;100.0;5.88235294117647
forex.cnfol.com;8.695652173913045;100.0;4.545454545454546
sports.people.com.cn;6.666666666666667;100.0;3.4482758620689653
sports.xinmin.cn;11.11111111111111;100.0;5.88235294117647
www.legaldaily.com.cn;3.8461538461538463;100.0;1.9607843137254901
tech.qq.com;4.820679165063133;100.0;2.4706694271911664
www.21cbh.com;6.451612903225806;100.0;3.3333333333333335
www.voanews.com;11.76470588235294;100.0;6.25
news.21cn.com;15.384615384615385;100.0;8.333333333333332
news.syd.com.cn;9.09090909090909;100.0;4.761904761904762
news.pconline.com.cn;4.444444444444445;100.0;2.272727272727273
news.cbbn.net;10.526315789473683;100.0;5.555555555555555
opinion.xinmin.cn;9.523809523809524;100.0;5.0
kuaixun.stcn.com;6.451612903225806;100.0;3.3333333333333335
news.southcn.com;5.2631578947368425;100.0;2.7027027027027026
www.qianhuaweb.com;9.523809523809524;100.0;5.0
www.fx168.com;8.333333333333332;100.0;4.3478260869565215
international.caixun.com;5.882352941176471;100.0;3.0303030303030303
forex.stockstar.com;5.0;100.0;2.564102564102564
sc.stock.cnfol.com;18.181818181818183;100.0;10.0
news.gxnews.com.cn;7.4074074074074066;100.0;3.8461538461538463
finance.ynet.com;5.555555555555556;100.0;2.857142857142857
tech.southcn.com;11.11111111111111;100.0;5.88235294117647
news.enorth.com.cn;8.695652173913045;100.0;4.545454545454546
finance.china.com.cn;4.878048780487806;100.0;2.5
gansu.gansudaily.com.cn;3.508771929824561;100.0;1.7857142857142856
news.sohu.com;6.666666666666667;100.0;3.4482758620689653
mobile.zol.com.cn;7.999999999999999;100.0;4.166666666666666
www.china.com.cn;6.259711431742508;100.0;3.3143939393939394
jiangxi.jxnews.com.cn;5.405405405405405;100.0;2.7777777777777777
society.huanqiu.com;10.526315789473683;100.0;5.555555555555555
www.cnwnews.com;9.09090909090909;100.0;4.761904761904762
mil.news.sina.com.cn;14.285714285714288;100.0;7.6923076923076925
news.jxnews.com.cn;3.389830508474576;100.0;1.7241379310344827
news.rednet.cn;8.333333333333332;100.0;4.3478260869565215
news.zol.com.cn;5.405405405405405;100.0;2.7777777777777777
roll.sohu.com;10.0;100.0;5.263157894736842
tech.huanqiu.com;7.999999999999999;100.0;4.166666666666666
ent.qq.com;7.6923076923076925;100.0;4.0
house.hexun.com;10.0;100.0;5.263157894736842
news.pts.org.tw;12.5;100.0;6.719367588932807
digital.sina.com.hk;4.325581395348837;100.0;2.2108843537414966
chinese.medicaldaily.com;10.0;100.0;5.263157894736842
big5.soundofhope.org;10.526315789473683;100.0;5.555555555555555
paper.wenweipo.com;11.11111111111111;100.0;5.88235294117647
www.winandmac.com;6.0606060606060606;100.0;3.125
www.worldjournal.com;7.999999999999999;100.0;4.166666666666666
www.info.gov.hk;7.999999999999999;100.0;4.166666666666666
udr.chinatimes.com;5.555555555555556;100.0;2.857142857142857
web.pts.org.tw;10.0;100.0;5.263157894736842
